org,name,version
dev.zio,zio_3,2.0.0-M4
org.scalaz,scalaz-zio_3,7.4.0-M8
com.typesafe.play,filters-helpers_3,2.10.0-RC5
com.typesafe.play,fork-run_3,2.10.0-RC5
com.typesafe.play,fork-run-protocol_3,2.10.0-RC5
com.typesafe.play,play_3,2.10.0-RC5
com.typesafe.play,play-ahc-ws_3,2.10.0-RC5
com.typesafe.play,play-akka-http-server_3,2.10.0-RC5
com.typesafe.play,play-akka-http-server-experimental_3,2.10.0-RC5
com.typesafe.play,play-akka-http2-support_3,2.10.0-RC5
com.typesafe.play,play-bom_3,2.10.0-RC5
com.typesafe.play,play-cache_3,2.10.0-RC5
com.typesafe.play,play-caffeine-cache_3,2.10.0-RC5
com.typesafe.play,play-cluster-sharding_3,2.10.0-RC5
com.typesafe.play,play-datacommons_3,2.10.0-RC5
com.typesafe.play,play-doc_3,2.10.0-RC5
com.typesafe.play,play-docs_3,2.10.0-RC5
com.typesafe.play,play-docs-sbt-plugin_3,2.10.0-RC5
com.typesafe.play,play-ehcache_3,2.10.0-RC5
com.typesafe.play,play-functional_3,2.10.0-RC5
com.typesafe.play,play-guice_3,2.10.0-RC5
com.typesafe.play,play-integration-test_3,2.10.0-RC5
com.typesafe.play,play-iteratees_3,2.10.0-RC5
com.typesafe.play,play-iteratees-reactive-streams_3,2.10.0-RC5
com.typesafe.play,play-java_3,2.10.0-RC5
com.typesafe.play,play-java-cluster-sharding_3,2.10.0-RC5
com.typesafe.play,play-java-ebean_3,2.10.0-RC5
com.typesafe.play,play-java-forms_3,2.10.0-RC5
com.typesafe.play,play-java-jdbc_3,2.10.0-RC5
com.typesafe.play,play-java-jpa_3,2.10.0-RC5
com.typesafe.play,play-java-ws_3,2.10.0-RC5
com.typesafe.play,play-jcache_3,2.10.0-RC5
com.typesafe.play,play-jdbc_3,2.10.0-RC5
com.typesafe.play,play-jdbc-api_3,2.10.0-RC5
com.typesafe.play,play-jdbc-evolutions_3,2.10.0-RC5
com.typesafe.play,play-joda-forms_3,2.10.0-RC5
com.typesafe.play,play-logback_3,2.10.0-RC5
com.typesafe.play,play-microbenchmark_3,2.10.0-RC5
com.typesafe.play,play-netty-server_3,2.10.0-RC5
com.typesafe.play,play-openid_3,2.10.0-RC5
com.typesafe.play,play-server_3,2.10.0-RC5
com.typesafe.play,play-soap-client_3,2.10.0-RC5
com.typesafe.play,play-specs2_3,2.10.0-RC5
com.typesafe.play,play-streams_3,2.10.0-RC5
com.typesafe.play,play-streams-experimental_3,2.10.0-RC5
com.typesafe.play,play-test_3,2.10.0-RC5
com.typesafe.play,play-ws_3,2.10.0-RC5
com.typesafe.play,play-ws-standalone_3,2.10.0-RC5
com.typesafe.play,play-ws-standalone-json_3,2.10.0-RC5
com.typesafe.play,play-ws-standalone-xml_3,2.10.0-RC5
com.typesafe.play,routes-compiler_3,2.10.0-RC5
com.typesafe.play,run-support_3,2.10.0-RC5
com.typesafe.play,sbt-fork-run-plugin_3,2.10.0-RC5
com.typesafe.play,sbt-fork-run-protocol_3,2.10.0-RC5
com.typesafe.play,sbt-plugin_3,2.10.0-RC5
com.typesafe.play,sbt-routes-compiler_3,2.10.0-RC5
com.typesafe.play,sbt-run-support_3,2.10.0-RC5
com.typesafe.akka,akka-actor_3,2.6.17
com.typesafe.akka,akka-actor-testkit-typed_3,2.6.17
com.typesafe.akka,akka-actor-tests_3,2.6.17
com.typesafe.akka,akka-actor-typed_3,2.6.17
com.typesafe.akka,akka-agent_3,2.6.17
com.typesafe.akka,akka-bom_3,2.6.17
com.typesafe.akka,akka-camel_3,2.6.17
com.typesafe.akka,akka-channels-experimental_3,2.6.17
com.typesafe.akka,akka-channels-tests_3,2.6.17
com.typesafe.akka,akka-cluster_3,2.6.17
com.typesafe.akka,akka-cluster-metrics_3,2.6.17
com.typesafe.akka,akka-cluster-sharding_3,2.6.17
com.typesafe.akka,akka-cluster-sharding-typed_3,2.6.17
com.typesafe.akka,akka-cluster-tools_3,2.6.17
com.typesafe.akka,akka-cluster-typed_3,2.6.17
com.typesafe.akka,akka-contrib_3,2.6.17
com.typesafe.akka,akka-coordination_3,2.6.17
com.typesafe.akka,akka-dataflow_3,2.6.17
com.typesafe.akka,akka-discovery_3,2.6.17
com.typesafe.akka,akka-distributed-data_3,2.6.17
com.typesafe.akka,akka-distributed-data-experimental_3,2.6.17
com.typesafe.akka,akka-docs_3,2.6.17
com.typesafe.akka,akka-file-mailbox_3,2.6.17
com.typesafe.akka,akka-http-core_3,2.6.17
com.typesafe.akka,akka-http-core-experimental_3,2.6.17
com.typesafe.akka,akka-http-experimental_3,2.6.17
com.typesafe.akka,akka-http-jackson-experimental_3,2.6.17
com.typesafe.akka,akka-http-java-experimental_3,2.6.17
com.typesafe.akka,akka-http-java-jackson-experimental_3,2.6.17
com.typesafe.akka,akka-http-scala-experimental_3,2.6.17
com.typesafe.akka,akka-http-spray-json-experimental_3,2.6.17
com.typesafe.akka,akka-http-testkit_3,2.6.17
com.typesafe.akka,akka-http-testkit-experimental_3,2.6.17
com.typesafe.akka,akka-http-testkit-scala-experimental_3,2.6.17
com.typesafe.akka,akka-http-xml-experimental_3,2.6.17
com.typesafe.akka,akka-kernel_3,2.6.17
com.typesafe.akka,akka-mailboxes-common_3,2.6.17
com.typesafe.akka,akka-multi-node-testkit_3,2.6.17
com.typesafe.akka,akka-osgi_3,2.6.17
com.typesafe.akka,akka-osgi-aries_3,2.6.17
com.typesafe.akka,akka-parsing_3,2.6.17
com.typesafe.akka,akka-parsing-experimental_3,2.6.17
com.typesafe.akka,akka-persistence_3,2.6.17
com.typesafe.akka,akka-persistence-experimental_3,2.6.17
com.typesafe.akka,akka-persistence-query_3,2.6.17
com.typesafe.akka,akka-persistence-query-experimental_3,2.6.17
com.typesafe.akka,akka-persistence-tck_3,2.6.17
com.typesafe.akka,akka-persistence-tck-experimental_3,2.6.17
com.typesafe.akka,akka-persistence-testkit_3,2.6.17
com.typesafe.akka,akka-persistence-typed_3,2.6.17
com.typesafe.akka,akka-pki_3,2.6.17
com.typesafe.akka,akka-protobuf_3,2.6.17
com.typesafe.akka,akka-protobuf-v3_3,2.6.17
com.typesafe.akka,akka-remote_3,2.6.17
com.typesafe.akka,akka-remote-tests_3,2.6.17
com.typesafe.akka,akka-sample-camel_3,2.6.17
com.typesafe.akka,akka-sample-camel-java_3,2.6.17
com.typesafe.akka,akka-sample-camel-scala_3,2.6.17
com.typesafe.akka,akka-sample-cluster_3,2.6.17
com.typesafe.akka,akka-sample-cluster-experimental_3,2.6.17
com.typesafe.akka,akka-sample-cluster-java_3,2.6.17
com.typesafe.akka,akka-sample-cluster-scala_3,2.6.17
com.typesafe.akka,akka-sample-fsm_3,2.6.17
com.typesafe.akka,akka-sample-fsm-scala_3,2.6.17
com.typesafe.akka,akka-sample-hello_3,2.6.17
com.typesafe.akka,akka-sample-hello-kernel_3,2.6.17
com.typesafe.akka,akka-sample-main-java_3,2.6.17
com.typesafe.akka,akka-sample-main-scala_3,2.6.17
com.typesafe.akka,akka-sample-multi-node_3,2.6.17
com.typesafe.akka,akka-sample-multi-node-scala_3,2.6.17
com.typesafe.akka,akka-sample-osgi-dining-hakkers-api_3,2.6.17
com.typesafe.akka,akka-sample-osgi-dining-hakkers-command_3,2.6.17
com.typesafe.akka,akka-sample-osgi-dining-hakkers-core_3,2.6.17
com.typesafe.akka,akka-sample-osgi-dining-hakkers-integration_3,2.6.17
com.typesafe.akka,akka-sample-persistence_3,2.6.17
com.typesafe.akka,akka-sample-persistence-java_3,2.6.17
com.typesafe.akka,akka-sample-persistence-scala_3,2.6.17
com.typesafe.akka,akka-sample-remote_3,2.6.17
com.typesafe.akka,akka-sample-remote-java_3,2.6.17
com.typesafe.akka,akka-sample-remote-scala_3,2.6.17
com.typesafe.akka,akka-serialization-jackson_3,2.6.17
com.typesafe.akka,akka-slf4j_3,2.6.17
com.typesafe.akka,akka-stream_3,2.6.17
com.typesafe.akka,akka-stream-experimental_3,2.6.17
com.typesafe.akka,akka-stream-tck-experimental_3,2.6.17
com.typesafe.akka,akka-stream-testkit_3,2.6.17
com.typesafe.akka,akka-stream-testkit-experimental_3,2.6.17
com.typesafe.akka,akka-stream-tests-experimental_3,2.6.17
com.typesafe.akka,akka-stream-tests-tck-experimental_3,2.6.17
com.typesafe.akka,akka-stream-typed_3,2.6.17
com.typesafe.akka,akka-testkit_3,2.6.17
com.typesafe.akka,akka-testkit-typed_3,2.6.17
com.typesafe.akka,akka-transactor_3,2.6.17
com.typesafe.akka,akka-typed_3,2.6.17
com.typesafe.akka,akka-typed-experimental_3,2.6.17
com.typesafe.akka,akka-typed-testkit_3,2.6.17
com.typesafe.akka,akka-typed-tests_3,2.6.17
com.typesafe.akka,akka-zeromq_3,2.6.17
com.typesafe.akka,flakka-actor_3,2.6.17
com.typesafe.akka,flakka-actor-tests_3,2.6.17
com.typesafe.akka,flakka-agent_3,2.6.17
com.typesafe.akka,flakka-camel_3,2.6.17
com.typesafe.akka,flakka-cluster_3,2.6.17
com.typesafe.akka,flakka-contrib_3,2.6.17
com.typesafe.akka,flakka-dataflow_3,2.6.17
com.typesafe.akka,flakka-docs_3,2.6.17
com.typesafe.akka,flakka-file-mailbox_3,2.6.17
com.typesafe.akka,flakka-kernel_3,2.6.17
com.typesafe.akka,flakka-mailboxes-common_3,2.6.17
com.typesafe.akka,flakka-multi-node-testkit_3,2.6.17
com.typesafe.akka,flakka-osgi_3,2.6.17
com.typesafe.akka,flakka-persistence-experimental_3,2.6.17
com.typesafe.akka,flakka-persistence-tck-experimental_3,2.6.17
com.typesafe.akka,flakka-remote_3,2.6.17
com.typesafe.akka,flakka-remote-tests_3,2.6.17
com.typesafe.akka,flakka-sample-camel-java_3,2.6.17
com.typesafe.akka,flakka-sample-camel-scala_3,2.6.17
com.typesafe.akka,flakka-sample-cluster-java_3,2.6.17
com.typesafe.akka,flakka-sample-cluster-scala_3,2.6.17
com.typesafe.akka,flakka-sample-fsm-scala_3,2.6.17
com.typesafe.akka,flakka-sample-main-java_3,2.6.17
com.typesafe.akka,flakka-sample-main-scala_3,2.6.17
com.typesafe.akka,flakka-sample-multi-node-scala_3,2.6.17
com.typesafe.akka,flakka-sample-osgi-dining-hakkers-api_3,2.6.17
com.typesafe.akka,flakka-sample-osgi-dining-hakkers-command_3,2.6.17
com.typesafe.akka,flakka-sample-osgi-dining-hakkers-core_3,2.6.17
com.typesafe.akka,flakka-sample-osgi-dining-hakkers-integration_3,2.6.17
com.typesafe.akka,flakka-sample-osgi-dining-hakkers-uncommons_3,2.6.17
com.typesafe.akka,flakka-sample-persistence-java_3,2.6.17
com.typesafe.akka,flakka-sample-persistence-scala_3,2.6.17
com.typesafe.akka,flakka-sample-remote-java_3,2.6.17
com.typesafe.akka,flakka-sample-remote-scala_3,2.6.17
com.typesafe.akka,flakka-slf4j_3,2.6.17
com.typesafe.akka,flakka-testkit_3,2.6.17
com.typesafe.akka,flakka-transactor_3,2.6.17
com.typesafe.akka,flakka-zeromq_3,2.6.17
com.typesafe.akka,hello-kernel_3,2.6.17
org.scalaz,scalaz_3,7.4.0-M8
org.scalaz,scalaz-concurrent_3,7.4.0-M8
org.scalaz,scalaz-core_3,7.4.0-M8
org.scalaz,scalaz-deriving_3,7.4.0-M8
org.scalaz,scalaz-deriving-base_3,7.4.0-M8
org.scalaz,scalaz-deriving-jsonformat_3,7.4.0-M8
org.scalaz,scalaz-deriving-magnolia_3,7.4.0-M8
org.scalaz,scalaz-deriving-scalacheck_3,7.4.0-M8
org.scalaz,scalaz-deriving-shapeless_3,7.4.0-M8
org.scalaz,scalaz-deriving-xmlformat_3,7.4.0-M8
org.scalaz,scalaz-effect_3,7.4.0-M8
org.scalaz,scalaz-ioeffect_3,7.4.0-M8
org.scalaz,scalaz-ioeffect-cats_3,7.4.0-M8
org.scalaz,scalaz-iteratee_3,7.4.0-M8
org.scalaz,scalaz-iterv_3,7.4.0-M8
org.scalaz,scalaz-managed_3,7.4.0-M8
org.scalaz,scalaz-monad-control_3,7.4.0-M8
org.scalaz,scalaz-parsers_3,7.4.0-M8
org.scalaz,scalaz-plugin-library_3,7.4.0-M8
org.scalaz,scalaz-scalacheck-binding_3,7.4.0-M8
org.scalaz,scalaz-typelevel_3,7.4.0-M8
org.scalaz,scalaz-xml_3,7.4.0-M8
org.scalaz,scalaz-zio_3,7.4.0-M8
org.scalaz,scalaz-zio-interop_3,7.4.0-M8
org.scalaz,scalaz-zio-interop-cats_3,7.4.0-M8
org.scalaz,scalaz-zio-interop-future_3,7.4.0-M8
org.scalaz,scalaz-zio-interop-java_3,7.4.0-M8
org.scalaz,scalaz-zio-interop-monix_3,7.4.0-M8
org.scalaz,scalaz-zio-interop-reactivestreams_3,7.4.0-M8
org.scalaz,scalaz-zio-interop-scala7x_3,7.4.0-M8
org.scalaz,scalaz-zio-interop-scalaz7x_3,7.4.0-M8
org.scalaz,scalaz-zio-interop-shared_3,7.4.0-M8
org.scalaz,scalaz-zio-interop-twitter_3,7.4.0-M8
org.scalaz,scalaz-zio-stacktracer_3,7.4.0-M8
org.scalaz,scalaz-zio-streams_3,7.4.0-M8
org.scalaz,scalaz-zio-testkit_3,7.4.0-M8
org.scalaz,scalazfix_3,7.4.0-M8
org.typelevel,alleycats-core_3,2.6.1
org.typelevel,alleycats-laws_3,2.6.1
org.typelevel,cats_3,2.6.1
org.typelevel,cats-core_3,2.6.1
org.typelevel,cats-free_3,2.6.1
org.typelevel,cats-js_3,2.6.1
org.typelevel,cats-jvm_3,2.6.1
org.typelevel,cats-kernel_3,2.6.1
org.typelevel,cats-kernel-laws_3,2.6.1
org.typelevel,cats-laws_3,2.6.1
org.typelevel,cats-macros_3,2.6.1
org.typelevel,cats-native_3,2.6.1
org.typelevel,cats-testkit_3,2.6.1
com.didiglobal.booster,booster-android-gradle-v3_3,4.0.0
org.scalanlp,breeze_3,2.0
org.scalanlp,breeze-macros_3,2.0
org.scalanlp,breeze-natives_3,2.0
org.scalanlp,breeze-parent_3,2.0
org.scalanlp,breeze-viz_3,2.0
org.typelevel,shadedshapeless_3,3.0.3
org.typelevel,shapeless_3,3.0.3
org.typelevel,shapeless3-data_3,3.0.3
org.typelevel,shapeless3-deriving_3,3.0.3
org.typelevel,shapeless3-test_3,3.0.3
org.typelevel,shapeless3-typeable_3,3.0.3
dev.zio,core-tests_3,2.0.0-M4
dev.zio,examples_3,2.0.0-M4
dev.zio,scalaz-zio-stacktracer_3,2.0.0-M4
dev.zio,zio_3,2.0.0-M4
dev.zio,zio-interop-cats_3,2.0.0-M4
dev.zio,zio-interop-future_3,2.0.0-M4
dev.zio,zio-interop-java_3,2.0.0-M4
dev.zio,zio-interop-monix_3,2.0.0-M4
dev.zio,zio-interop-reactivestreams_3,2.0.0-M4
dev.zio,zio-interop-scalaz7x_3,2.0.0-M4
dev.zio,zio-interop-shared_3,2.0.0-M4
dev.zio,zio-interop-twitter_3,2.0.0-M4
dev.zio,zio-macros_3,2.0.0-M4
dev.zio,zio-stacktracer_3,2.0.0-M4
dev.zio,zio-streams_3,2.0.0-M4
dev.zio,zio-streams-tests_3,2.0.0-M4
dev.zio,zio-test_3,2.0.0-M4
dev.zio,zio-test-junit_3,2.0.0-M4
dev.zio,zio-test-magnolia_3,2.0.0-M4
dev.zio,zio-test-refined_3,2.0.0-M4
dev.zio,zio-test-sbt_3,2.0.0-M4
dev.zio,zio-testkit_3,2.0.0-M4
com.twitter,util_3,21.9.0
com.twitter,util-app_3,21.9.0
com.twitter,util-app-lifecycle_3,21.9.0
com.twitter,util-benchmark_3,21.9.0
com.twitter,util-cache_3,21.9.0
com.twitter,util-cache-guava_3,21.9.0
com.twitter,util-class-preloader_3,21.9.0
com.twitter,util-codec_3,21.9.0
com.twitter,util-collection_3,21.9.0
com.twitter,util-core_3,21.9.0
com.twitter,util-doc_3,21.9.0
com.twitter,util-eval_3,21.9.0
com.twitter,util-events_3,21.9.0
com.twitter,util-function_3,21.9.0
com.twitter,util-hashing_3,21.9.0
com.twitter,util-intellij_3,21.9.0
com.twitter,util-jackson_3,21.9.0
com.twitter,util-jackson-annotations_3,21.9.0
com.twitter,util-jvm_3,21.9.0
com.twitter,util-lint_3,21.9.0
com.twitter,util-logging_3,21.9.0
com.twitter,util-mock_3,21.9.0
com.twitter,util-reflect_3,21.9.0
com.twitter,util-registry_3,21.9.0
com.twitter,util-routing_3,21.9.0
com.twitter,util-security_3,21.9.0
com.twitter,util-security-test-certs_3,21.9.0
com.twitter,util-slf4j-api_3,21.9.0
com.twitter,util-slf4j-jul-bridge_3,21.9.0
com.twitter,util-stats_3,21.9.0
com.twitter,util-test_3,21.9.0
com.twitter,util-thrift_3,21.9.0
com.twitter,util-tunable_3,21.9.0
com.twitter,util-validator_3,21.9.0
com.twitter,util-zk_3,21.9.0
com.twitter,util-zk-common_3,21.9.0
com.twitter,util-zk-test_3,21.9.0
sh.almond,almond-rx_3,0.1.0
sh.almond,almond-spark_3,0.1.0
sh.almond,amm-2.11.11_3,0.1.0
sh.almond,amm-2.11.12_3,0.1.0
sh.almond,amm-2.11.3_3,0.1.0
sh.almond,amm-2.11.4_3,0.1.0
sh.almond,amm-2.11.5_3,0.1.0
sh.almond,amm-2.11.6_3,0.1.0
sh.almond,amm-2.11.7_3,0.1.0
sh.almond,amm-2.11.8_3,0.1.0
sh.almond,amm-2.11.9_3,0.1.0
sh.almond,amm-2.12.0_3,0.1.0
sh.almond,amm-2.12.1_3,0.1.0
sh.almond,amm-2.12.2_3,0.1.0
sh.almond,amm-2.12.3_3,0.1.0
sh.almond,amm-2.12.4_3,0.1.0
sh.almond,amm-2.12.6_3,0.1.0
sh.almond,amm-interp-2.11.11_3,0.1.0
sh.almond,amm-interp-2.11.12_3,0.1.0
sh.almond,amm-interp-2.11.3_3,0.1.0
sh.almond,amm-interp-2.11.4_3,0.1.0
sh.almond,amm-interp-2.11.5_3,0.1.0
sh.almond,amm-interp-2.11.6_3,0.1.0
sh.almond,amm-interp-2.11.7_3,0.1.0
sh.almond,amm-interp-2.11.8_3,0.1.0
sh.almond,amm-interp-2.11.9_3,0.1.0
sh.almond,amm-interp-2.12.0_3,0.1.0
sh.almond,amm-interp-2.12.1_3,0.1.0
sh.almond,amm-interp-2.12.2_3,0.1.0
sh.almond,amm-interp-2.12.3_3,0.1.0
sh.almond,amm-interp-2.12.4_3,0.1.0
sh.almond,amm-interp-2.12.6_3,0.1.0
sh.almond,amm-repl-2.11.11_3,0.1.0
sh.almond,amm-repl-2.11.12_3,0.1.0
sh.almond,amm-repl-2.11.3_3,0.1.0
sh.almond,amm-repl-2.11.4_3,0.1.0
sh.almond,amm-repl-2.11.5_3,0.1.0
sh.almond,amm-repl-2.11.6_3,0.1.0
sh.almond,amm-repl-2.11.7_3,0.1.0
sh.almond,amm-repl-2.11.8_3,0.1.0
sh.almond,amm-repl-2.11.9_3,0.1.0
sh.almond,amm-repl-2.12.0_3,0.1.0
sh.almond,amm-repl-2.12.1_3,0.1.0
sh.almond,amm-repl-2.12.2_3,0.1.0
sh.almond,amm-repl-2.12.3_3,0.1.0
sh.almond,amm-repl-2.12.4_3,0.1.0
sh.almond,amm-repl-2.12.6_3,0.1.0
sh.almond,amm-runtime-2.11.12_3,0.1.0
sh.almond,amm-runtime-2.12.6_3,0.1.0
sh.almond,amm-util-2.11.12_3,0.1.0
sh.almond,amm-util-2.12.6_3,0.1.0
sh.almond,ammonite_3,0.1.0
sh.almond,ammonite-compiler-interface_3,0.1.0
sh.almond,ammonite-cross-23-ops_3,0.1.0
sh.almond,ammonite-cross-23-terminal_3,0.1.0
sh.almond,ammonite-cross-23-util_3,0.1.0
sh.almond,ammonite-interp_3,0.1.0
sh.almond,ammonite-ops_3,0.1.0
sh.almond,ammonite-pprint_3,0.1.0
sh.almond,ammonite-repl_3,0.1.0
sh.almond,ammonite-runtime_3,0.1.0
sh.almond,ammonite-shell_3,0.1.0
sh.almond,ammonite-sshd_3,0.1.0
sh.almond,ammonite-terminal_3,0.1.0
sh.almond,ammonite-tools_3,0.1.0
sh.almond,ammonite-util_3,0.1.0
sh.almond,channels_3,0.1.0
sh.almond,dependency_3,0.1.0
sh.almond,echo_3,0.1.0
sh.almond,interpreter_3,0.1.0
sh.almond,interpreter-api_3,0.1.0
sh.almond,jupyter-api_3,0.1.0
sh.almond,kernel_3,0.1.0
sh.almond,logger_3,0.1.0
sh.almond,ops-2.11.12_3,0.1.0
sh.almond,ops-2.12.6_3,0.1.0
sh.almond,protocol_3,0.1.0
sh.almond,shell-2.11.11_3,0.1.0
sh.almond,shell-2.11.12_3,0.1.0
sh.almond,shell-2.11.3_3,0.1.0
sh.almond,shell-2.11.4_3,0.1.0
sh.almond,shell-2.11.5_3,0.1.0
sh.almond,shell-2.11.6_3,0.1.0
sh.almond,shell-2.11.7_3,0.1.0
sh.almond,shell-2.11.8_3,0.1.0
sh.almond,shell-2.11.9_3,0.1.0
sh.almond,shell-2.12.0_3,0.1.0
sh.almond,shell-2.12.1_3,0.1.0
sh.almond,shell-2.12.2_3,0.1.0
sh.almond,shell-2.12.3_3,0.1.0
sh.almond,shell-2.12.4_3,0.1.0
sh.almond,shell-2.12.6_3,0.1.0
sh.almond,sshd-2.11.11_3,0.1.0
sh.almond,sshd-2.11.12_3,0.1.0
sh.almond,sshd-2.11.3_3,0.1.0
sh.almond,sshd-2.11.4_3,0.1.0
sh.almond,sshd-2.11.5_3,0.1.0
sh.almond,sshd-2.11.6_3,0.1.0
sh.almond,sshd-2.11.7_3,0.1.0
sh.almond,sshd-2.11.8_3,0.1.0
sh.almond,sshd-2.11.9_3,0.1.0
sh.almond,sshd-2.12.0_3,0.1.0
sh.almond,sshd-2.12.1_3,0.1.0
sh.almond,sshd-2.12.2_3,0.1.0
sh.almond,sshd-2.12.3_3,0.1.0
sh.almond,sshd-2.12.4_3,0.1.0
sh.almond,sshd-2.12.6_3,0.1.0
sh.almond,terminal-2.11.12_3,0.1.0
sh.almond,terminal-2.12.6_3,0.1.0
sh.almond,test_3,0.1.0
io.circe,circe-core_3,0.14.1
io.circe,circe-extras_3,0.14.1
io.circe,circe-generic_3,0.14.1
io.circe,circe-generic-extras_3,0.14.1
io.circe,circe-generic-simple_3,0.14.1
io.circe,circe-jackson_3,0.14.1
io.circe,circe-java8_3,0.14.1
io.circe,circe-jawn_3,0.14.1
io.circe,circe-literal_3,0.14.1
io.circe,circe-numbers_3,0.14.1
io.circe,circe-numbers-testing_3,0.14.1
io.circe,circe-optics_3,0.14.1
io.circe,circe-parse_3,0.14.1
io.circe,circe-parser_3,0.14.1
io.circe,circe-pointer_3,0.14.1
io.circe,circe-pointer-literal_3,0.14.1
io.circe,circe-refined_3,0.14.1
io.circe,circe-rs_3,0.14.1
io.circe,circe-scalajs_3,0.14.1
io.circe,circe-scodec_3,0.14.1
io.circe,circe-shapeless_3,0.14.1
io.circe,circe-shapes_3,0.14.1
io.circe,circe-spray_3,0.14.1
io.circe,circe-streaming_3,0.14.1
io.circe,circe-testing_3,0.14.1
org.http4s,http4s-argonaut_3,1.0.0-M23
org.http4s,http4s-async-http-client_3,1.0.0-M23
org.http4s,http4s-bench_3,1.0.0-M23
org.http4s,http4s-blaze_3,1.0.0-M23
org.http4s,http4s-blaze-client_3,1.0.0-M23
org.http4s,http4s-blaze-core_3,1.0.0-M23
org.http4s,http4s-blaze-server_3,1.0.0-M23
org.http4s,http4s-blazeclient_3,1.0.0-M23
org.http4s,http4s-blazecore_3,1.0.0-M23
org.http4s,http4s-blazeserver_3,1.0.0-M23
org.http4s,http4s-boopickle_3,1.0.0-M23
org.http4s,http4s-circe_3,1.0.0-M23
org.http4s,http4s-client_3,1.0.0-M23
org.http4s,http4s-client-metrics_3,1.0.0-M23
org.http4s,http4s-core_3,1.0.0-M23
org.http4s,http4s-dropwizard-metrics_3,1.0.0-M23
org.http4s,http4s-dsl_3,1.0.0-M23
org.http4s,http4s-ember-client_3,1.0.0-M23
org.http4s,http4s-ember-core_3,1.0.0-M23
org.http4s,http4s-ember-server_3,1.0.0-M23
org.http4s,http4s-jawn_3,1.0.0-M23
org.http4s,http4s-jetty_3,1.0.0-M23
org.http4s,http4s-jetty-client_3,1.0.0-M23
org.http4s,http4s-jetty-server_3,1.0.0-M23
org.http4s,http4s-json4s_3,1.0.0-M23
org.http4s,http4s-json4s-jackson_3,1.0.0-M23
org.http4s,http4s-json4s-native_3,1.0.0-M23
org.http4s,http4s-laws_3,1.0.0-M23
org.http4s,http4s-load-test_3,1.0.0-M23
org.http4s,http4s-okhttp-client_3,1.0.0-M23
org.http4s,http4s-parboiled2_3,1.0.0-M23
org.http4s,http4s-play-json_3,1.0.0-M23
org.http4s,http4s-prometheus-client-metrics_3,1.0.0-M23
org.http4s,http4s-prometheus-metrics_3,1.0.0-M23
org.http4s,http4s-prometheus-server-metrics_3,1.0.0-M23
org.http4s,http4s-scala-xml_3,1.0.0-M23
org.http4s,http4s-scalafix_3,1.0.0-M23
org.http4s,http4s-scalatags_3,1.0.0-M23
org.http4s,http4s-server_3,1.0.0-M23
org.http4s,http4s-server-metrics_3,1.0.0-M23
org.http4s,http4s-servlet_3,1.0.0-M23
org.http4s,http4s-testing_3,1.0.0-M23
org.http4s,http4s-tests_3,1.0.0-M23
org.http4s,http4s-tomcat_3,1.0.0-M23
org.http4s,http4s-tomcat-server_3,1.0.0-M23
org.http4s,http4s-twirl_3,1.0.0-M23
co.fs2,fs2-core_3,3.1.6
co.fs2,fs2-experimental_3,3.1.6
co.fs2,fs2-io_3,3.1.6
co.fs2,fs2-node_3,3.1.6
co.fs2,fs2-reactive-streams_3,3.1.6
co.fs2,fs2-scodec_3,3.1.6
org.tpolecat,doobie-contrib-h2_3,0.13.4
org.tpolecat,doobie-contrib-hikari_3,0.13.4
org.tpolecat,doobie-contrib-postgresql_3,0.13.4
org.tpolecat,doobie-contrib-scalatest_3,0.13.4
org.tpolecat,doobie-contrib-scalatest-cats_3,0.13.4
org.tpolecat,doobie-contrib-specs2_3,0.13.4
org.tpolecat,doobie-core_3,0.13.4
org.tpolecat,doobie-core-cats_3,0.13.4
org.tpolecat,doobie-free_3,0.13.4
org.tpolecat,doobie-h2_3,0.13.4
org.tpolecat,doobie-h2-cats_3,0.13.4
org.tpolecat,doobie-hikari_3,0.13.4
org.tpolecat,doobie-hikari-cats_3,0.13.4
org.tpolecat,doobie-munit_3,0.13.4
org.tpolecat,doobie-postgres_3,0.13.4
org.tpolecat,doobie-postgres-cats_3,0.13.4
org.tpolecat,doobie-postgres-circe_3,0.13.4
org.tpolecat,doobie-quill_3,0.13.4
org.tpolecat,doobie-refined_3,0.13.4
org.tpolecat,doobie-refined-cats_3,0.13.4
org.tpolecat,doobie-scalatest_3,0.13.4
org.tpolecat,doobie-scalatest-cats_3,0.13.4
org.tpolecat,doobie-specs2_3,0.13.4
org.tpolecat,doobie-specs2-cats_3,0.13.4
io.monix,effects4s-core_3,3.4.0
io.monix,effects4s-laws_3,3.4.0
io.monix,effects4s-std_3,3.4.0
io.monix,monifu_3,3.4.0
io.monix,monifu-core_3,3.4.0
io.monix,monifu-core-js_3,3.4.0
io.monix,monifu-js_3,3.4.0
io.monix,monifu-rx_3,3.4.0
io.monix,monifu-rx-js_3,3.4.0
io.monix,monix_3,3.4.0
io.monix,monix-async_3,3.4.0
io.monix,monix-catnap_3,3.4.0
io.monix,monix-cats_3,3.4.0
io.monix,monix-eval_3,3.4.0
io.monix,monix-execution_3,3.4.0
io.monix,monix-internal-jctools_3,3.4.0
io.monix,monix-java_3,3.4.0
io.monix,monix-nio_3,3.4.0
io.monix,monix-reactive_3,3.4.0
io.monix,monix-scalaz-72_3,3.4.0
io.monix,monix-tail_3,3.4.0
io.monix,monix-types_3,3.4.0
io.monix,newtypes-core_3,3.4.0
org.scalacheck,scalacheck_3,1.15.4
dev.optics,monocle-core_3,3.1.0
dev.optics,monocle-generic_3,3.1.0
dev.optics,monocle-law_3,3.1.0
dev.optics,monocle-macro_3,3.1.0
dev.optics,monocle-refined_3,3.1.0
dev.optics,monocle-state_3,3.1.0
dev.optics,monocle-unsafe_3,3.1.0
eu.timepit,refined_3,0.9.27
eu.timepit,refined-cats_3,0.9.27
eu.timepit,refined-eval_3,0.9.27
eu.timepit,refined-jsonpath_3,0.9.27
eu.timepit,refined-pureconfig_3,0.9.27
eu.timepit,refined-scalacheck_3,0.9.27
eu.timepit,refined-scalacheck_1.13_3,0.9.27
eu.timepit,refined-scalaz_3,0.9.27
eu.timepit,refined-scodec_3,0.9.27
eu.timepit,refined-scopt_3,0.9.27
eu.timepit,refined-shapeless_3,0.9.27
org.json4s,json4s_3,4.0.3
org.json4s,json4s-ast_3,4.0.3
org.json4s,json4s-core_3,4.0.3
org.json4s,json4s-ext_3,4.0.3
org.json4s,json4s-jackson_3,4.0.3
org.json4s,json4s-jackson-core_3,4.0.3
org.json4s,json4s-mongo_3,4.0.3
org.json4s,json4s-native_3,4.0.3
org.json4s,json4s-native-core_3,4.0.3
org.json4s,json4s-scalap_3,4.0.3
org.json4s,json4s-scalaz_3,4.0.3
org.json4s,json4s-tests_3,4.0.3
org.json4s,json4s-xml_3,4.0.3
org.typelevel,cats-effect_3,3.2.9
org.typelevel,cats-effect-concurrent_3,3.2.9
org.typelevel,cats-effect-kernel_3,3.2.9
org.typelevel,cats-effect-kernel-testkit_3,3.2.9
org.typelevel,cats-effect-laws_3,3.2.9
org.typelevel,cats-effect-std_3,3.2.9
org.typelevel,cats-effect-testkit_3,3.2.9
com.github.scopt,scopt_3,4.0.1
org.tpolecat,refined_3,0.2.2
org.tpolecat,skunk-circe_3,0.2.2
org.tpolecat,skunk-core_3,0.2.2
org.tpolecat,skunk-macros_3,0.2.2
com.github.pureconfig,pureconfig_3,0.17.0
com.github.pureconfig,pureconfig-akka_3,0.17.0
com.github.pureconfig,pureconfig-akka-http_3,0.17.0
com.github.pureconfig,pureconfig-cats_3,0.17.0
com.github.pureconfig,pureconfig-cats-effect_3,0.17.0
com.github.pureconfig,pureconfig-cats-effect2_3,0.17.0
com.github.pureconfig,pureconfig-circe_3,0.17.0
com.github.pureconfig,pureconfig-core_3,0.17.0
com.github.pureconfig,pureconfig-cron4s_3,0.17.0
com.github.pureconfig,pureconfig-enum_3,0.17.0
com.github.pureconfig,pureconfig-enumeratum_3,0.17.0
com.github.pureconfig,pureconfig-fs2_3,0.17.0
com.github.pureconfig,pureconfig-generic_3,0.17.0
com.github.pureconfig,pureconfig-generic-base_3,0.17.0
com.github.pureconfig,pureconfig-hadoop_3,0.17.0
com.github.pureconfig,pureconfig-http4s_3,0.17.0
com.github.pureconfig,pureconfig-javax_3,0.17.0
com.github.pureconfig,pureconfig-joda_3,0.17.0
com.github.pureconfig,pureconfig-macros_3,0.17.0
com.github.pureconfig,pureconfig-magnolia_3,0.17.0
com.github.pureconfig,pureconfig-scala-xml_3,0.17.0
com.github.pureconfig,pureconfig-scalaz_3,0.17.0
com.github.pureconfig,pureconfig-squants_3,0.17.0
com.github.pureconfig,pureconfig-sttp_3,0.17.0
com.github.pureconfig,pureconfig-yaml_3,0.17.0
com.github.pureconfig,pureconfig-zio-config_3,0.17.0
org.scalikejdbc,scalikejdbc_3,4.0.0-RC2
org.scalikejdbc,scalikejdbc-config_3,4.0.0-RC2
org.scalikejdbc,scalikejdbc-core_3,4.0.0-RC2
org.scalikejdbc,scalikejdbc-interpolation_3,4.0.0-RC2
org.scalikejdbc,scalikejdbc-interpolation-core_3,4.0.0-RC2
org.scalikejdbc,scalikejdbc-interpolation-macro_3,4.0.0-RC2
org.scalikejdbc,scalikejdbc-joda-time_3,4.0.0-RC2
org.scalikejdbc,scalikejdbc-jsr310_3,4.0.0-RC2
org.scalikejdbc,scalikejdbc-mapper-generator_3,4.0.0-RC2
org.scalikejdbc,scalikejdbc-mapper-generator-core_3,4.0.0-RC2
org.scalikejdbc,scalikejdbc-play-fixture-plugin_3,4.0.0-RC2
org.scalikejdbc,scalikejdbc-play-plugin_3,4.0.0-RC2
org.scalikejdbc,scalikejdbc-streams_3,4.0.0-RC2
org.scalikejdbc,scalikejdbc-syntax-support-macro_3,4.0.0-RC2
org.scalikejdbc,scalikejdbc-test_3,4.0.0-RC2
com.softwaremill.sttp.client3,akka-http-backend_3,3.3.15
com.softwaremill.sttp.client3,akka-http-handler_3,3.3.15
com.softwaremill.sttp.client3,armeria-backend_3,3.3.15
com.softwaremill.sttp.client3,armeria-backend-cats_3,3.3.15
com.softwaremill.sttp.client3,armeria-backend-cats-ce2_3,3.3.15
com.softwaremill.sttp.client3,armeria-backend-fs2_3,3.3.15
com.softwaremill.sttp.client3,armeria-backend-fs2-ce2_3,3.3.15
com.softwaremill.sttp.client3,armeria-backend-monix_3,3.3.15
com.softwaremill.sttp.client3,armeria-backend-scalaz_3,3.3.15
com.softwaremill.sttp.client3,armeria-backend-zio_3,3.3.15
com.softwaremill.sttp.client3,async-http-client-backend_3,3.3.15
com.softwaremill.sttp.client3,async-http-client-backend-cats_3,3.3.15
com.softwaremill.sttp.client3,async-http-client-backend-cats-ce2_3,3.3.15
com.softwaremill.sttp.client3,async-http-client-backend-fs2_3,3.3.15
com.softwaremill.sttp.client3,async-http-client-backend-fs2-ce2_3,3.3.15
com.softwaremill.sttp.client3,async-http-client-backend-future_3,3.3.15
com.softwaremill.sttp.client3,async-http-client-backend-monix_3,3.3.15
com.softwaremill.sttp.client3,async-http-client-backend-scalaz_3,3.3.15
com.softwaremill.sttp.client3,async-http-client-backend-zio_3,3.3.15
com.softwaremill.sttp.client3,async-http-client-handler_3,3.3.15
com.softwaremill.sttp.client3,async-http-client-handler-cats_3,3.3.15
com.softwaremill.sttp.client3,async-http-client-handler-fs2_3,3.3.15
com.softwaremill.sttp.client3,async-http-client-handler-future_3,3.3.15
com.softwaremill.sttp.client3,async-http-client-handler-monix_3,3.3.15
com.softwaremill.sttp.client3,async-http-client-handler-scalaz_3,3.3.15
com.softwaremill.sttp.client3,brave-backend_3,3.3.15
com.softwaremill.sttp.client3,cats_3,3.3.15
com.softwaremill.sttp.client3,catsce2_3,3.3.15
com.softwaremill.sttp.client3,circe_3,3.3.15
com.softwaremill.sttp.client3,core_3,3.3.15
com.softwaremill.sttp.client3,finagle-backend_3,3.3.15
com.softwaremill.sttp.client3,fs2_3,3.3.15
com.softwaremill.sttp.client3,fs2ce2_3,3.3.15
com.softwaremill.sttp.client3,http4s-backend_3,3.3.15
com.softwaremill.sttp.client3,http4s-ce2-backend_3,3.3.15
com.softwaremill.sttp.client3,httpclient-backend_3,3.3.15
com.softwaremill.sttp.client3,httpclient-backend-fs2_3,3.3.15
com.softwaremill.sttp.client3,httpclient-backend-fs2-ce2_3,3.3.15
com.softwaremill.sttp.client3,httpclient-backend-monix_3,3.3.15
com.softwaremill.sttp.client3,httpclient-backend-zio_3,3.3.15
com.softwaremill.sttp.client3,json-common_3,3.3.15
com.softwaremill.sttp.client3,json4s_3,3.3.15
com.softwaremill.sttp.client3,monix_3,3.3.15
com.softwaremill.sttp.client3,okhttp-backend_3,3.3.15
com.softwaremill.sttp.client3,okhttp-backend-monix_3,3.3.15
com.softwaremill.sttp.client3,okhttp-client-handler_3,3.3.15
com.softwaremill.sttp.client3,okhttp-client-handler-monix_3,3.3.15
com.softwaremill.sttp.client3,okhttp-handler_3,3.3.15
com.softwaremill.sttp.client3,okhttp-handler-monix_3,3.3.15
com.softwaremill.sttp.client3,opentracing-backend_3,3.3.15
com.softwaremill.sttp.client3,play-json_3,3.3.15
com.softwaremill.sttp.client3,prometheus-backend_3,3.3.15
com.softwaremill.sttp.client3,scalaz_3,3.3.15
com.softwaremill.sttp.client3,scribe-backend_3,3.3.15
com.softwaremill.sttp.client3,slf4j-backend_3,3.3.15
com.softwaremill.sttp.client3,spray-json_3,3.3.15
com.softwaremill.sttp.client3,upickle_3,3.3.15
com.softwaremill.sttp.client3,zio_3,3.3.15
com.softwaremill.sttp.client3,zio-json_3,3.3.15
com.softwaremill.sttp.client3,zio-telemetry-opentelemetry-backend_3,3.3.15
com.softwaremill.sttp.client3,zio-telemetry-opentracing-backend_3,3.3.15
com.softwaremill.macwire,benchmark_3,2.4.2
com.softwaremill.macwire,core_3,2.4.2
com.softwaremill.macwire,futuretry_3,2.4.2
com.softwaremill.macwire,id-generator_3,2.4.2
com.softwaremill.macwire,macros_3,2.4.2
com.softwaremill.macwire,macrosakka_3,2.4.2
com.softwaremill.macwire,proxy_3,2.4.2
com.softwaremill.macwire,runtime_3,2.4.2
com.softwaremill.macwire,tagging_3,2.4.2
com.softwaremill.macwire,util_3,2.4.2
com.thesamet.scalapb,compilerplugin_3,0.11.6
com.thesamet.scalapb,compilerplugin-shaded_3,0.11.6
com.thesamet.scalapb,compilerpluginshaded_3,0.11.6
com.thesamet.scalapb,lenses_3,0.11.6
com.thesamet.scalapb,scalapb-runtime_3,0.11.6
com.thesamet.scalapb,scalapb-runtime-grpc_3,0.11.6
com.thesamet.scalapb,scalapbc_3,0.11.6
org.scalatest,play_3,3.2.10
org.scalatest,scalactic_3,3.2.10
org.scalatest,scalatest_3,3.2.10
org.scalatest,scalatest-all_3,3.2.10
org.scalatest,scalatest-app_3,3.2.10
org.scalatest,scalatest-core_3,3.2.10
org.scalatest,scalatest-diagrams_3,3.2.10
org.scalatest,scalatest-easymock_3,3.2.10
org.scalatest,scalatest-featurespec_3,3.2.10
org.scalatest,scalatest-flatspec_3,3.2.10
org.scalatest,scalatest-freespec_3,3.2.10
org.scalatest,scalatest-funspec_3,3.2.10
org.scalatest,scalatest-funsuite_3,3.2.10
org.scalatest,scalatest-jmock_3,3.2.10
org.scalatest,scalatest-junit_3,3.2.10
org.scalatest,scalatest-matchers_3,3.2.10
org.scalatest,scalatest-matchers-core_3,3.2.10
org.scalatest,scalatest-mustmatchers_3,3.2.10
org.scalatest,scalatest-propspec_3,3.2.10
org.scalatest,scalatest-refspec_3,3.2.10
org.scalatest,scalatest-selenium_3,3.2.10
org.scalatest,scalatest-shouldmatchers_3,3.2.10
org.scalatest,scalatest-testng_3,3.2.10
org.scalatest,scalatest-wordspec_3,3.2.10
org.scalatest,scalatestjs_3,3.2.10
org.scalatest,scalatestplus-play_3,3.2.10
org.scalatest,scalautils_3,3.2.10
com.github.nscala-time,nscala-time_3,2.30.0
com.typesafe.scala-logging,emoji_3,3.9.4
com.typesafe.scala-logging,scala-logging_3,3.9.4
com.softwaremill.sttp.tapir,sbt-openapi-codegen_3,0.19.0-M12
com.softwaremill.sttp.tapir,sttp-mock-server_3,0.19.0-M12
com.softwaremill.sttp.tapir,tapir-akka-http-server_3,0.19.0-M12
com.softwaremill.sttp.tapir,tapir-apispec-docs_3,0.19.0-M12
com.softwaremill.sttp.tapir,tapir-apispec-model_3,0.19.0-M12
com.softwaremill.sttp.tapir,tapir-asyncapi-circe_3,0.19.0-M12
com.softwaremill.sttp.tapir,tapir-asyncapi-circe-yaml_3,0.19.0-M12
com.softwaremill.sttp.tapir,tapir-asyncapi-docs_3,0.19.0-M12
com.softwaremill.sttp.tapir,tapir-asyncapi-model_3,0.19.0-M12
com.softwaremill.sttp.tapir,tapir-aws-examples_3,0.19.0-M12
com.softwaremill.sttp.tapir,tapir-aws-lambda_3,0.19.0-M12
com.softwaremill.sttp.tapir,tapir-aws-lambda-tests_3,0.19.0-M12
com.softwaremill.sttp.tapir,tapir-aws-sam_3,0.19.0-M12
com.softwaremill.sttp.tapir,tapir-aws-terraform_3,0.19.0-M12
com.softwaremill.sttp.tapir,tapir-cats_3,0.19.0-M12
com.softwaremill.sttp.tapir,tapir-core_3,0.19.0-M12
com.softwaremill.sttp.tapir,tapir-derevo_3,0.19.0-M12
com.softwaremill.sttp.tapir,tapir-enumeratum_3,0.19.0-M12
com.softwaremill.sttp.tapir,tapir-finatra-server_3,0.19.0-M12
com.softwaremill.sttp.tapir,tapir-finatra-server-cats_3,0.19.0-M12
com.softwaremill.sttp.tapir,tapir-http4s-client_3,0.19.0-M12
com.softwaremill.sttp.tapir,tapir-http4s-server_3,0.19.0-M12
com.softwaremill.sttp.tapir,tapir-json-circe_3,0.19.0-M12
com.softwaremill.sttp.tapir,tapir-json-json4s_3,0.19.0-M12
com.softwaremill.sttp.tapir,tapir-json-play_3,0.19.0-M12
com.softwaremill.sttp.tapir,tapir-json-spray_3,0.19.0-M12
com.softwaremill.sttp.tapir,tapir-json-tethys_3,0.19.0-M12
com.softwaremill.sttp.tapir,tapir-json-upickle_3,0.19.0-M12
com.softwaremill.sttp.tapir,tapir-json-zio_3,0.19.0-M12
com.softwaremill.sttp.tapir,tapir-jsoniter-scala_3,0.19.0-M12
com.softwaremill.sttp.tapir,tapir-netty-server_3,0.19.0-M12
com.softwaremill.sttp.tapir,tapir-newtype_3,0.19.0-M12
com.softwaremill.sttp.tapir,tapir-openapi-circe_3,0.19.0-M12
com.softwaremill.sttp.tapir,tapir-openapi-circe-yaml_3,0.19.0-M12
com.softwaremill.sttp.tapir,tapir-openapi-docs_3,0.19.0-M12
com.softwaremill.sttp.tapir,tapir-openapi-model_3,0.19.0-M12
com.softwaremill.sttp.tapir,tapir-opentelemetry-metrics_3,0.19.0-M12
com.softwaremill.sttp.tapir,tapir-play-client_3,0.19.0-M12
com.softwaremill.sttp.tapir,tapir-play-server_3,0.19.0-M12
com.softwaremill.sttp.tapir,tapir-prometheus-metrics_3,0.19.0-M12
com.softwaremill.sttp.tapir,tapir-redoc_3,0.19.0-M12
com.softwaremill.sttp.tapir,tapir-redoc-akka-http_3,0.19.0-M12
com.softwaremill.sttp.tapir,tapir-redoc-http4s_3,0.19.0-M12
com.softwaremill.sttp.tapir,tapir-redoc-play_3,0.19.0-M12
com.softwaremill.sttp.tapir,tapir-refined_3,0.19.0-M12
com.softwaremill.sttp.tapir,tapir-server-tests_3,0.19.0-M12
com.softwaremill.sttp.tapir,tapir-sttp-client_3,0.19.0-M12
com.softwaremill.sttp.tapir,tapir-sttp-stub-server_3,0.19.0-M12
com.softwaremill.sttp.tapir,tapir-swagger-ui_3,0.19.0-M12
com.softwaremill.sttp.tapir,tapir-swagger-ui-akka-http_3,0.19.0-M12
com.softwaremill.sttp.tapir,tapir-swagger-ui-finatra_3,0.19.0-M12
com.softwaremill.sttp.tapir,tapir-swagger-ui-http4s_3,0.19.0-M12
com.softwaremill.sttp.tapir,tapir-swagger-ui-play_3,0.19.0-M12
com.softwaremill.sttp.tapir,tapir-swagger-ui-vertx_3,0.19.0-M12
com.softwaremill.sttp.tapir,tapir-swagger-ui-zio-http_3,0.19.0-M12
com.softwaremill.sttp.tapir,tapir-tests_3,0.19.0-M12
com.softwaremill.sttp.tapir,tapir-vertx-server_3,0.19.0-M12
com.softwaremill.sttp.tapir,tapir-zio_3,0.19.0-M12
com.softwaremill.sttp.tapir,tapir-zio-http_3,0.19.0-M12
com.softwaremill.sttp.tapir,tapir-zio-http-server_3,0.19.0-M12
com.softwaremill.sttp.tapir,tapir-zio-http4s-server_3,0.19.0-M12
org.typelevel,squants_3,1.8.3
org.scodec,core_3,2.0.0
org.scodec,scodec_3,2.0.0
org.scodec,scodec-core_3,2.0.0
org.scodec,scodec-core-testkit_3,2.0.0
org.scodec,scodec-stream_3,2.0.0
org.scodec,scodec-testkit_3,2.0.0
org.scodec,testkit_3,2.0.0
com.github.seratch,awscala_3,0.9.2
com.github.seratch,awscala-core_3,0.9.2
com.github.seratch,awscala-dynamodb_3,0.9.2
com.github.seratch,awscala-ec2_3,0.9.2
com.github.seratch,awscala-emr_3,0.9.2
com.github.seratch,awscala-iam_3,0.9.2
com.github.seratch,awscala-redshift_3,0.9.2
com.github.seratch,awscala-s3_3,0.9.2
com.github.seratch,awscala-simpledb_3,0.9.2
com.github.seratch,awscala-sqs_3,0.9.2
com.github.seratch,awscala-stepfunctions_3,0.9.2
com.github.seratch,awscala-sts_3,0.9.2
com.github.cb372,cacheable-core_3,1.0.0-M4
com.github.cb372,cacheable-ehcache_3,1.0.0-M4
com.github.cb372,cacheable-guava_3,1.0.0-M4
com.github.cb372,cacheable-redis_3,1.0.0-M4
com.github.cb372,scalacache_3,1.0.0-M4
com.github.cb372,scalacache-cache2k_3,1.0.0-M4
com.github.cb372,scalacache-caffeine_3,1.0.0-M4
com.github.cb372,scalacache-cats-effect_3,1.0.0-M4
com.github.cb372,scalacache-circe_3,1.0.0-M4
com.github.cb372,scalacache-core_3,1.0.0-M4
com.github.cb372,scalacache-ehcache_3,1.0.0-M4
com.github.cb372,scalacache-guava_3,1.0.0-M4
com.github.cb372,scalacache-lrumap_3,1.0.0-M4
com.github.cb372,scalacache-memcached_3,1.0.0-M4
com.github.cb372,scalacache-monix_3,1.0.0-M4
com.github.cb372,scalacache-ohc_3,1.0.0-M4
com.github.cb372,scalacache-redis_3,1.0.0-M4
com.github.cb372,scalacache-scalaz72_3,1.0.0-M4
ws.unfiltered,unfiltered_3,0.10.3
ws.unfiltered,unfiltered-agents_3,0.10.3
ws.unfiltered,unfiltered-directives_3,0.10.3
ws.unfiltered,unfiltered-filter_3,0.10.3
ws.unfiltered,unfiltered-filter-async_3,0.10.3
ws.unfiltered,unfiltered-filter-uploads_3,0.10.3
ws.unfiltered,unfiltered-jetty_3,0.10.3
ws.unfiltered,unfiltered-jetty-ajp_3,0.10.3
ws.unfiltered,unfiltered-json4s_3,0.10.3
ws.unfiltered,unfiltered-mac_3,0.10.3
ws.unfiltered,unfiltered-netty_3,0.10.3
ws.unfiltered,unfiltered-netty-server_3,0.10.3
ws.unfiltered,unfiltered-netty-uploads_3,0.10.3
ws.unfiltered,unfiltered-netty-websockets_3,0.10.3
ws.unfiltered,unfiltered-oauth_3,0.10.3
ws.unfiltered,unfiltered-oauth2_3,0.10.3
ws.unfiltered,unfiltered-scalatest_3,0.10.3
ws.unfiltered,unfiltered-specs2_3,0.10.3
ws.unfiltered,unfiltered-uploads_3,0.10.3
ws.unfiltered,unfiltered-util_3,0.10.3
org.specs2,eff_3,5.0.0-RC-15
org.specs2,eff-cats_3,5.0.0-RC-15
org.specs2,eff-scalaz_3,5.0.0-RC-15
org.specs2,specs2_3,5.0.0-RC-15
org.specs2,specs2-analysis_3,5.0.0-RC-15
org.specs2,specs2-cats_3,5.0.0-RC-15
org.specs2,specs2-codata_3,5.0.0-RC-15
org.specs2,specs2-common_3,5.0.0-RC-15
org.specs2,specs2-core_3,5.0.0-RC-15
org.specs2,specs2-examples_3,5.0.0-RC-15
org.specs2,specs2-form_3,5.0.0-RC-15
org.specs2,specs2-fp_3,5.0.0-RC-15
org.specs2,specs2-guide_3,5.0.0-RC-15
org.specs2,specs2-gwt_3,5.0.0-RC-15
org.specs2,specs2-html_3,5.0.0-RC-15
org.specs2,specs2-http4s_3,5.0.0-RC-15
org.specs2,specs2-junit_3,5.0.0-RC-15
org.specs2,specs2-markdown_3,5.0.0-RC-15
org.specs2,specs2-matcher_3,5.0.0-RC-15
org.specs2,specs2-matcher-extra_3,5.0.0-RC-15
org.specs2,specs2-mock_3,5.0.0-RC-15
org.specs2,specs2-scalacheck_3,5.0.0-RC-15
org.specs2,specs2-scalaz_3,5.0.0-RC-15
org.specs2,specs2-shapeless_3,5.0.0-RC-15
org.specs2,specs2-tests_3,5.0.0-RC-15
org.specs2,specs2-xml_3,5.0.0-RC-15
org.specs2,xml_3,5.0.0-RC-15
com.github.ghostdogpr,caliban_3,1.2.1
com.github.ghostdogpr,caliban-akka-http_3,1.2.1
com.github.ghostdogpr,caliban-cats_3,1.2.1
com.github.ghostdogpr,caliban-client_3,1.2.1
com.github.ghostdogpr,caliban-client-laminext_3,1.2.1
com.github.ghostdogpr,caliban-codegen_3,1.2.1
com.github.ghostdogpr,caliban-codegen-sbt_3,1.2.1
com.github.ghostdogpr,caliban-federation_3,1.2.1
com.github.ghostdogpr,caliban-finch_3,1.2.1
com.github.ghostdogpr,caliban-http4s_3,1.2.1
com.github.ghostdogpr,caliban-macros_3,1.2.1
com.github.ghostdogpr,caliban-monix_3,1.2.1
com.github.ghostdogpr,caliban-play_3,1.2.1
com.github.ghostdogpr,caliban-tapir_3,1.2.1
com.github.ghostdogpr,caliban-tools_3,1.2.1
com.github.ghostdogpr,caliban-uzhttp_3,1.2.1
com.github.ghostdogpr,caliban-zio-http_3,1.2.1
com.softwaremill.quicklens,quicklens_3,1.7.5
com.softwaremill.quicklens,quicklensjs_3,1.7.5
com.softwaremill.quicklens,quicklensjvm_3,1.7.5
com.softwaremill.quicklens,quicklensnative_3,1.7.5
com.github.tototoshi,scala-csv_3,1.3.8
org.rogach,scallop_3,4.0.4
org.scalafx,scalafx_3,16.0.0-R25
org.scalafx,scalafx-extras_3,16.0.0-R25
org.scalafx,scalafxml-core_3,16.0.0-R25
org.scalafx,scalafxml-core-macros_3,16.0.0-R25
org.scalafx,scalafxml-core-macros-sfx2_3,16.0.0-R25
org.scalafx,scalafxml-core-macros-sfx8_3,16.0.0-R25
org.scalafx,scalafxml-core-sfx2_3,16.0.0-R25
org.scalafx,scalafxml-core-sfx8_3,16.0.0-R25
org.scalafx,scalafxml-guice_3,16.0.0-R25
org.scalafx,scalafxml-guice-sfx2_3,16.0.0-R25
org.scalafx,scalafxml-guice-sfx8_3,16.0.0-R25
org.scalafx,scalafxml-macwire-sfx8_3,16.0.0-R25
org.scalafx,scalafxml-subcut_3,16.0.0-R25
org.scalafx,scalafxml-subcut-sfx2_3,16.0.0-R25
org.scalafx,scalafxml-subcut-sfx8_3,16.0.0-R25
com.softwaremill.magnolia1_3,magnolia_3,1.0.0-M7
com.softwaremill.magnolia1_3,magnolia-core_3,1.0.0-M7
com.softwaremill.magnolia1_3,magnolia-examples_3,1.0.0-M7
com.softwaremill.magnolia1_3,magnolia-test_3,1.0.0-M7
com.github.jwt-scala,jwt-argonaut_3,9.0.2
com.github.jwt-scala,jwt-circe_3,9.0.2
com.github.jwt-scala,jwt-core_3,9.0.2
com.github.jwt-scala,jwt-json-common_3,9.0.2
com.github.jwt-scala,jwt-json4s-common_3,9.0.2
com.github.jwt-scala,jwt-json4s-jackson_3,9.0.2
com.github.jwt-scala,jwt-json4s-native_3,9.0.2
com.github.jwt-scala,jwt-play_3,9.0.2
com.github.jwt-scala,jwt-play-json_3,9.0.2
com.github.jwt-scala,jwt-spray-json_3,9.0.2
com.github.jwt-scala,jwt-upickle_3,9.0.2
com.lihaoyi,derive_3,1.4.2
com.lihaoyi,mill-json-js-2.11.11_3,1.4.2
com.lihaoyi,mill-json-js-2.12.4_3,1.4.2
com.lihaoyi,mill-json-jvm-2.11.11_3,1.4.2
com.lihaoyi,mill-json-jvm-2.12.4_3,1.4.2
com.lihaoyi,mill-upickle-js-2.11.11_3,1.4.2
com.lihaoyi,mill-upickle-js-2.12.4_3,1.4.2
com.lihaoyi,mill-upickle-jvm-2.11.11_3,1.4.2
com.lihaoyi,mill-upickle-jvm-2.12.4_3,1.4.2
com.lihaoyi,pprint_3,1.4.2
com.lihaoyi,test_3,1.4.2
com.lihaoyi,ujson_3,1.4.2
com.lihaoyi,ujson-argonaut_3,1.4.2
com.lihaoyi,ujson-circe_3,1.4.2
com.lihaoyi,ujson-js-2.11.11_3,1.4.2
com.lihaoyi,ujson-js-2.12.4_3,1.4.2
com.lihaoyi,ujson-json4s_3,1.4.2
com.lihaoyi,ujson-jvm-2.11.11_3,1.4.2
com.lihaoyi,ujson-jvm-2.12.4_3,1.4.2
com.lihaoyi,ujson-play_3,1.4.2
com.lihaoyi,upack_3,1.4.2
com.lihaoyi,upickle_3,1.4.2
com.lihaoyi,upickle-core_3,1.4.2
com.lihaoyi,upickle-implicits_3,1.4.2
com.lihaoyi,upickle-json_3,1.4.2
com.lihaoyi,requests_3,0.6.9
org.fomkin,gameoflifeexample_3,1.0.1
org.fomkin,korolev_3,1.0.1
org.fomkin,korolev-akka_3,1.0.1
org.fomkin,korolev-async_3,1.0.1
org.fomkin,korolev-bridge_3,1.0.1
org.fomkin,korolev-bytes_3,1.0.1
org.fomkin,korolev-cats_3,1.0.1
org.fomkin,korolev-cats-effect-support_3,1.0.1
org.fomkin,korolev-dux_3,1.0.1
org.fomkin,korolev-effect_3,1.0.1
org.fomkin,korolev-example_3,1.0.1
org.fomkin,korolev-fs2_3,1.0.1
org.fomkin,korolev-garcon_3,1.0.1
org.fomkin,korolev-http_3,1.0.1
org.fomkin,korolev-http4s_3,1.0.1
org.fomkin,korolev-jcache-support_3,1.0.1
org.fomkin,korolev-monix_3,1.0.1
org.fomkin,korolev-monix-support_3,1.0.1
org.fomkin,korolev-scodec_3,1.0.1
org.fomkin,korolev-server_3,1.0.1
org.fomkin,korolev-server-akkahttp_3,1.0.1
org.fomkin,korolev-server-blaze_3,1.0.1
org.fomkin,korolev-slf4j_3,1.0.1
org.fomkin,korolev-slf4j-support_3,1.0.1
org.fomkin,korolev-standalone_3,1.0.1
org.fomkin,korolev-testkit_3,1.0.1
org.fomkin,korolev-vdom_3,1.0.1
org.fomkin,korolev-web_3,1.0.1
org.fomkin,korolev-zio_3,1.0.1
org.fomkin,korolev-zio-http_3,1.0.1
org.fomkin,korolev-zio-streams_3,1.0.1
org.fomkin,routingexample_3,1.0.1
org.fomkin,simpleexample_3,1.0.1
io.argonaut,argonaut_3,6.3.7
io.argonaut,argonaut-cats_3,6.3.7
io.argonaut,argonaut-jawn_3,6.3.7
io.argonaut,argonaut-monocle_3,6.3.7
io.argonaut,argonaut-monocle3_3,6.3.7
io.argonaut,argonaut-scalaz_3,6.3.7
io.argonaut,argonaut-scalaz7-2_3,6.3.7
io.argonaut,argonaut-unfiltered_3,6.3.7
io.argonaut,unfiltered-cors_3,6.3.7
org.atnos,eff_3,5.21.0
org.atnos,eff-cats_3,5.21.0
org.atnos,eff-cats-effect_3,5.21.0
org.atnos,eff-cats-monix_3,5.21.0
org.atnos,eff-cats-scalaz_3,5.21.0
org.atnos,eff-doobie_3,5.21.0
org.atnos,eff-fs2_3,5.21.0
org.atnos,eff-macros_3,5.21.0
org.atnos,eff-monix_3,5.21.0
org.atnos,eff-twitter_3,5.21.0
org.wvlet.airframe,airframe_3,21.5.4
org.wvlet.airframe,airframe-benchmark_3,21.5.4
org.wvlet.airframe,airframe-bootstrap_3,21.5.4
org.wvlet.airframe,airframe-canvas_3,21.5.4
org.wvlet.airframe,airframe-codec_3,21.5.4
org.wvlet.airframe,airframe-config_3,21.5.4
org.wvlet.airframe,airframe-control_3,21.5.4
org.wvlet.airframe,airframe-di-macros_3,21.5.4
org.wvlet.airframe,airframe-fluentd_3,21.5.4
org.wvlet.airframe,airframe-http_3,21.5.4
org.wvlet.airframe,airframe-http-codegen_3,21.5.4
org.wvlet.airframe,airframe-http-finagle_3,21.5.4
org.wvlet.airframe,airframe-http-grpc_3,21.5.4
org.wvlet.airframe,airframe-http-okhttp_3,21.5.4
org.wvlet.airframe,airframe-http-recorder_3,21.5.4
org.wvlet.airframe,airframe-http-router_3,21.5.4
org.wvlet.airframe,airframe-http-rx_3,21.5.4
org.wvlet.airframe,airframe-http-widget_3,21.5.4
org.wvlet.airframe,airframe-jdbc_3,21.5.4
org.wvlet.airframe,airframe-jmx_3,21.5.4
org.wvlet.airframe,airframe-json_3,21.5.4
org.wvlet.airframe,airframe-launcher_3,21.5.4
org.wvlet.airframe,airframe-log_3,21.5.4
org.wvlet.airframe,airframe-macros_3,21.5.4
org.wvlet.airframe,airframe-metrics_3,21.5.4
org.wvlet.airframe,airframe-msgpack_3,21.5.4
org.wvlet.airframe,airframe-msgpack-benchmark_3,21.5.4
org.wvlet.airframe,airframe-opts_3,21.5.4
org.wvlet.airframe,airframe-parquet_3,21.5.4
org.wvlet.airframe,airframe-rx_3,21.5.4
org.wvlet.airframe,airframe-rx-html_3,21.5.4
org.wvlet.airframe,airframe-rx-widget_3,21.5.4
org.wvlet.airframe,airframe-scaladoc_3,21.5.4
org.wvlet.airframe,airframe-scalatest_3,21.5.4
org.wvlet.airframe,airframe-spec_3,21.5.4
org.wvlet.airframe,airframe-sql_3,21.5.4
org.wvlet.airframe,airframe-stream_3,21.5.4
org.wvlet.airframe,airframe-surface_3,21.5.4
org.wvlet.airframe,airframe-tablet_3,21.5.4
org.wvlet.airframe,airframe-ulid_3,21.5.4
org.wvlet.airframe,airspec_3,21.5.4
org.wvlet.airframe,airspec-core_3,21.5.4
org.wvlet.airframe,airspec-light_3,21.5.4
org.wvlet.airframe,airspec-log_3,21.5.4
org.wvlet.airframe,sbt-airframe_3,21.5.4
org.wvlet.airframe,surface_3,21.5.4
com.monovore,decline_3,2.2.0
com.monovore,decline-effect_3,2.2.0
com.monovore,decline-enumeratum_3,2.2.0
com.monovore,decline-refined_3,2.2.0
org.typelevel,cats-collections-core_3,0.9.3
org.typelevel,cats-collections-laws_3,0.9.3
org.typelevel,cats-collections-scalacheck_3,0.9.3
com.47deg,fetch_3,2.1.1
com.47deg,fetch-debug_3,2.1.1
com.47deg,root_3,2.1.1
com.lihaoyi,sourcecode_3,0.2.7
com.dimafeng,testcontainers-scala_3,0.39.8
com.dimafeng,testcontainers-scala-cassandra_3,0.39.8
com.dimafeng,testcontainers-scala-clickhouse_3,0.39.8
com.dimafeng,testcontainers-scala-cockroachdb_3,0.39.8
com.dimafeng,testcontainers-scala-core_3,0.39.8
com.dimafeng,testcontainers-scala-couchbase_3,0.39.8
com.dimafeng,testcontainers-scala-db2_3,0.39.8
com.dimafeng,testcontainers-scala-dynalite_3,0.39.8
com.dimafeng,testcontainers-scala-elasticsearch_3,0.39.8
com.dimafeng,testcontainers-scala-influxdb_3,0.39.8
com.dimafeng,testcontainers-scala-jdbc_3,0.39.8
com.dimafeng,testcontainers-scala-kafka_3,0.39.8
com.dimafeng,testcontainers-scala-localstack_3,0.39.8
com.dimafeng,testcontainers-scala-localstack-v2_3,0.39.8
com.dimafeng,testcontainers-scala-mariadb_3,0.39.8
com.dimafeng,testcontainers-scala-mockserver_3,0.39.8
com.dimafeng,testcontainers-scala-mongodb_3,0.39.8
com.dimafeng,testcontainers-scala-mssqlserver_3,0.39.8
com.dimafeng,testcontainers-scala-munit_3,0.39.8
com.dimafeng,testcontainers-scala-mysql_3,0.39.8
com.dimafeng,testcontainers-scala-neo4j_3,0.39.8
com.dimafeng,testcontainers-scala-nginx_3,0.39.8
com.dimafeng,testcontainers-scala-oracle-xe_3,0.39.8
com.dimafeng,testcontainers-scala-orientdb_3,0.39.8
com.dimafeng,testcontainers-scala-postgresql_3,0.39.8
com.dimafeng,testcontainers-scala-presto_3,0.39.8
com.dimafeng,testcontainers-scala-pulsar_3,0.39.8
com.dimafeng,testcontainers-scala-rabbitmq_3,0.39.8
com.dimafeng,testcontainers-scala-scalatest_3,0.39.8
com.dimafeng,testcontainers-scala-scalatest-selenium_3,0.39.8
com.dimafeng,testcontainers-scala-solr_3,0.39.8
com.dimafeng,testcontainers-scala-toxiproxy_3,0.39.8
com.dimafeng,testcontainers-scala-trino_3,0.39.8
com.dimafeng,testcontainers-scala-vault_3,0.39.8
com.fasterxml.jackson.module,jackson-module-scala_3,2.13.0
com.github.plokhotnyuk.jsoniter-scala,core_3,2.10.3
com.github.plokhotnyuk.jsoniter-scala,jsoniter-scala-core_3,2.10.3
com.github.plokhotnyuk.jsoniter-scala,jsoniter-scala-macros_3,2.10.3
com.github.plokhotnyuk.jsoniter-scala,macros_3,2.10.3
com.lihaoyi,fansi_3,0.7.10
com.lihaoyi,utest_3,0.7.10
com.lihaoyi,utest-runner_3,0.7.10
com.lihaoyi,utest-test_3,0.7.10
com.lihaoyi,os-lib_3,0.7.8
com.lihaoyi,os-lib-watch_3,0.7.8
org.typelevel,kittens_3,3.0.0-M1
org.typelevel,jawn-argonaut_3,1.2.0
org.typelevel,jawn-ast_3,1.2.0
org.typelevel,jawn-json4s_3,1.2.0
org.typelevel,jawn-parser_3,1.2.0
org.typelevel,jawn-play_3,1.2.0
org.typelevel,jawn-rojoma_3,1.2.0
org.typelevel,jawn-rojoma-v3_3,1.2.0
org.typelevel,jawn-spray_3,1.2.0
org.typelevel,jawn-util_3,1.2.0
me.shadaj,scalapy_3,0.5.0+20-5ce1ed6a
me.shadaj,scalapy-core_3,0.5.0+20-5ce1ed6a
me.shadaj,scalapy-macros_3,0.5.0+20-5ce1ed6a
org.typelevel,algebra_3,2.2.3
org.typelevel,algebra-lattice_3,2.2.3
org.typelevel,algebra-laws_3,2.2.3
org.typelevel,algebra-macros_3,2.2.3
org.typelevel,algebra-ring_3,2.2.3
org.typelevel,algebra-std_3,2.2.3
io.suzaku,boopickle_3,1.4.0
io.suzaku,boopickle-shapeless_3,1.4.0
com.lihaoyi,cask_3,0.7.12
com.lihaoyi,cask-actor_3,0.7.12
com.lihaoyi,cask-util_3,0.7.12
com.lihaoyi,cask-util-js_3,0.7.12
com.lihaoyi,cask-util-jvm_3,0.7.12
io.github.jmcardon,tsec-bouncy_3,0.4.0
io.github.jmcardon,tsec-cipher-bouncy_3,0.4.0
io.github.jmcardon,tsec-cipher-core_3,0.4.0
io.github.jmcardon,tsec-cipher-jca_3,0.4.0
io.github.jmcardon,tsec-common_3,0.4.0
io.github.jmcardon,tsec-hash-bouncy_3,0.4.0
io.github.jmcardon,tsec-hash-jca_3,0.4.0
io.github.jmcardon,tsec-http4s_3,0.4.0
io.github.jmcardon,tsec-jwt-core_3,0.4.0
io.github.jmcardon,tsec-jwt-mac_3,0.4.0
io.github.jmcardon,tsec-jwt-sig_3,0.4.0
io.github.jmcardon,tsec-libsodium_3,0.4.0
io.github.jmcardon,tsec-mac_3,0.4.0
io.github.jmcardon,tsec-md_3,0.4.0
io.github.jmcardon,tsec-messagedigests_3,0.4.0
io.github.jmcardon,tsec-password_3,0.4.0
io.github.jmcardon,tsec-signatures_3,0.4.0
io.github.jmcardon,tsec-symmetric-cipher_3,0.4.0
org.tpolecat,atto-compat-cats_3,0.9.5
org.tpolecat,atto-compat-scalaz71_3,0.9.5
org.tpolecat,atto-compat-scalaz72_3,0.9.5
org.tpolecat,atto-core_3,0.9.5
org.tpolecat,atto-fs2_3,0.9.5
org.tpolecat,atto-refined_3,0.9.5
org.tpolecat,atto-spire_3,0.9.5
org.tpolecat,atto-stream_3,0.9.5
is.cir,ciris_3,2.2.0
is.cir,ciris-cats_3,2.2.0
is.cir,ciris-cats-effect_3,2.2.0
is.cir,ciris-circe_3,2.2.0
is.cir,ciris-core_3,2.2.0
is.cir,ciris-enumeratum_3,2.2.0
is.cir,ciris-generic_3,2.2.0
is.cir,ciris-refined_3,2.2.0
is.cir,ciris-spire_3,2.2.0
is.cir,ciris-squants_3,2.2.0
com.outr,scribe_3,3.6.0
com.outr,scribe-config_3,3.6.0
com.outr,scribe-core_3,3.6.0
com.outr,scribe-extras_3,3.6.0
com.outr,scribe-file_3,3.6.0
com.outr,scribe-json_3,3.6.0
com.outr,scribe-logstash_3,3.6.0
com.outr,scribe-macros_3,3.6.0
com.outr,scribe-migration_3,3.6.0
com.outr,scribe-slack_3,3.6.0
com.outr,scribe-slf4j_3,3.6.0
com.outr,scribe-slf4j18_3,3.6.0
com.outr,scribe-swlf4j18_3,3.6.0
com.outr,scribejs_3,3.6.0
com.outr,scribejvm_3,3.6.0
io.higherkindness,droste_3,0.9.0-M3
io.higherkindness,droste-core_3,0.9.0-M3
io.higherkindness,droste-laws_3,0.9.0-M3
io.higherkindness,droste-macros_3,0.9.0-M3
io.higherkindness,droste-meta_3,0.9.0-M3
io.higherkindness,droste-reftree_3,0.9.0-M3
io.higherkindness,droste-scalacheck_3,0.9.0-M3
dev.zio,zio-prelude_3,1.0.0-RC6
dev.zio,zio-prelude-experimental_3,1.0.0-RC6
dev.zio,zio-prelude-scala-parallel-collections_3,1.0.0-RC6
com.github.japgolly.scalacss,core_3,0.8.0-RC1
com.github.japgolly.scalacss,ext-react_3,0.8.0-RC1
com.github.japgolly.scalacss,ext-scalatags_3,0.8.0-RC1
com.github.japgolly.scalacss,extreact_3,0.8.0-RC1
com.github.japgolly.scalacss,extscalatags_3,0.8.0-RC1
org.typelevel,discipline_3,1.1.5
org.typelevel,discipline-core_3,1.1.5
org.typelevel,discipline-scalatest_3,1.1.5
org.typelevel,discipline-specs2_3,1.1.5
org.http4s,blaze_3,0.15.2
org.http4s,blaze-core_3,0.15.2
org.http4s,blaze-http_3,0.15.2
org.scalameta,mdoc_3,2.2.23
org.scalameta,mdoc-cli_3,2.2.23
org.scalameta,mdoc-docs_3,2.2.23
org.scalameta,mdoc-js_3,2.2.23
org.scalameta,mdoc-lsp_3,2.2.23
org.scalameta,mdoc-runtime_3,2.2.23
org.scalameta,sbt-mdoc_3,2.2.23
org.planet42,laika-core_3,0.18.0
org.planet42,laika-io_3,0.18.0
org.planet42,laika-pdf_3,0.18.0
org.planet42,laika-preview_3,0.18.0
org.planet42,laika-sbt_3,0.18.0
com.typesafe.play,play-functional_3,2.10.0-RC5
com.typesafe.play,play-json_3,2.10.0-RC5
com.typesafe.play,play-json-joda_3,2.10.0-RC5
org.gnieh,diffson_3,4.1.1
org.gnieh,diffson-circe_3,4.1.1
org.gnieh,diffson-core_3,4.1.1
org.gnieh,diffson-play-json_3,4.1.1
org.gnieh,diffson-spray-json_3,4.1.1
org.gnieh,diffson-testkit_3,4.1.1
com.github.scalaprops,scalaprops_3,0.8.3
com.github.scalaprops,scalaprops-all_3,0.8.3
com.github.scalaprops,scalaprops-core_3,0.8.3
com.github.scalaprops,scalaprops-gen_3,0.8.3
com.github.scalaprops,scalaprops-scalaz_3,0.8.3
com.github.scalaprops,scalaprops-scalazlaws_3,0.8.3
io.d11,zhttp_3,1.0.0.0-RC17
dev.zio,zio-json_3,0.2.0-M1
dev.zio,zio-json-interop-http4s_3,0.2.0-M1
dev.zio,zio-json-interop-refined_3,0.2.0-M1
dev.zio,zio-json-interop-scalaz7x_3,0.2.0-M1
dev.zio,zio-json-macros_3,0.2.0-M1
dev.zio,zio-json-yaml_3,0.2.0-M1
io.lemonlabs,scala-uri_3,4.0.0-M2
io.lemonlabs,scala-uri-circe_3,4.0.0-M2
io.lemonlabs,scala-uri-core_3,4.0.0-M2
io.lemonlabs,scala-uri-spray-json_3,4.0.0-M2
org.typelevel,log4cats-core_3,2.1.1
org.typelevel,log4cats-noop_3,2.1.1
org.typelevel,log4cats-slf4j_3,2.1.1
org.typelevel,log4cats-testing_3,2.1.1
org.typelevel,mouse_3,1.0.6
org.scalameta,docs_3,0.7.29
org.scalameta,munit_3,0.7.29
org.scalameta,munit-docs_3,0.7.29
org.scalameta,munit-scalacheck_3,0.7.29
org.scalameta,sbt-munit_3,0.7.29
org.creativescala,code_3,0.9.25
org.creativescala,docs_3,0.9.25
org.creativescala,doodle_3,0.9.25
org.creativescala,doodle-animate_3,0.9.25
org.creativescala,doodle-core_3,0.9.25
org.creativescala,doodle-examples_3,0.9.25
org.creativescala,doodle-explore_3,0.9.25
org.creativescala,doodle-golden_3,0.9.25
org.creativescala,doodle-image_3,0.9.25
org.creativescala,doodle-interact_3,0.9.25
org.creativescala,doodle-java2d_3,0.9.25
org.creativescala,doodle-plot_3,0.9.25
org.creativescala,doodle-reactor_3,0.9.25
org.creativescala,doodle-svg_3,0.9.25
org.creativescala,doodle-turtle_3,0.9.25
com.github.valskalla,odin-core_3,0.13.0
com.github.valskalla,odin-extras_3,0.13.0
com.github.valskalla,odin-json_3,0.13.0
com.github.valskalla,odin-monix_3,0.13.0
com.github.valskalla,odin-slf4j_3,0.13.0
com.github.valskalla,odin-zio_3,0.13.0
org.typelevel,cats-mtl_3,1.2.1
org.typelevel,cats-mtl-core_3,1.2.1
org.typelevel,cats-mtl-laws_3,1.2.1
qa.hedgehog,hedgehog-core_3,0.7.0
qa.hedgehog,hedgehog-minitest_3,0.7.0
qa.hedgehog,hedgehog-runner_3,0.7.0
qa.hedgehog,hedgehog-sbt_3,0.7.0
com.decodified,scala-ssh_3,0.11.1